18;12% increased Burning Damage;Eye of the Storm;Smoking Remains;25;25;25;30;30
18;12% increased Burning Damage;Eye of the Storm;Cremator;31;1200
18;12% increased Burning Damage;Eye of the Storm;Blowback;200;200;105;800
18;12% increased Burning Damage;Eye of the Storm;Burning Bright;30;30;30;50;50
18;12% increased Burning Damage;Eye of the Storm;Wasting Affliction;200
18;12% increased Burning Damage;Eye of the Storm;Haemorrhage;50;50;50;50;50
18;12% increased Burning Damage;Eye of the Storm;Flow of Life;31;200
18;12% increased Burning Damage;Eye of the Storm;Exposure Therapy;30;30;30;50;50
18;12% increased Burning Damage;Eye of the Storm;Brush with Death;149;149;149
18;12% increased Burning Damage;Eye of the Storm;Vile Reinvigoration;60;60;60;70;70
18;12% increased Burning Damage;Eye of the Storm;Circling Oblivion;30;30;30;44;44
18;12% increased Burning Damage;Eye of the Storm;Brewed for Potency;50;50;50;600
18;12% increased Burning Damage;Eye of the Storm;Student of Decay;120;120;120;800
18;12% increased Burning Damage;Master of Fire;Cremator;150;150;150;1600;3000
18;12% increased Burning Damage;Master of Fire;Blowback;2000
18;12% increased Burning Damage;Master of Fire;Burning Bright;800;1600
18;12% increased Burning Damage;Master of Fire;Wrapped in Flame;9800;59800;59800
18;12% increased Burning Damage;Master of Fire;Wasting Affliction;21;400;800
18;12% increased Burning Damage;Master of Fire;Haemorrhage;20;20;20;600
18;12% increased Burning Damage;Master of Fire;Flow of Life;3000;4000;10000;59800
18;12% increased Burning Damage;Master of Fire;Exposure Therapy;200;600
18;12% increased Burning Damage;Master of Fire;Vile Reinvigoration;25;200
18;12% increased Burning Damage;Master of Fire;Circling Oblivion;600
18;12% increased Burning Damage;Master of Fire;Brewed for Potency;50;50;50
18;12% increased Burning Damage;Master of Fire;Student of Decay;2000;3000;3000;4000
18;12% increased Burning Damage;Smoking Remains;Cremator;75;75;75;110;110
18;12% increased Burning Damage;Smoking Remains;Blowback;15;15;15;200;200
18;12% increased Burning Damage;Smoking Remains;Fan the Flames;400;800
18;12% increased Burning Damage;Smoking Remains;Cooked Alive;45;45;45;200;294
18;12% increased Burning Damage;Smoking Remains;Burning Bright;120;120;120;120;120
18;12% increased Burning Damage;Smoking Remains;Wrapped in Flame;200;84;580;919;1000
18;12% increased Burning Damage;Smoking Remains;Wasting Affliction;1200;4000
18;12% increased Burning Damage;Smoking Remains;Haemorrhage;200;1000
18;12% increased Burning Damage;Smoking Remains;Flow of Life;1000;1000;1000;3000;6000
18;12% increased Burning Damage;Smoking Remains;Exposure Therapy;105
18;12% increased Burning Damage;Smoking Remains;Brush with Death;100;100;100;200;63
18;12% increased Burning Damage;Smoking Remains;Vile Reinvigoration;35;35;35;40;40
18;12% increased Burning Damage;Smoking Remains;Circling Oblivion;40;40;40;40;40
18;12% increased Burning Damage;Smoking Remains;Brewed for Potency;20;20;20;600;1000
18;12% increased Burning Damage;Smoking Remains;Student of Decay;200;200;200;1200;1400
18;12% increased Burning Damage;Cremator;Blowback;100;100;100;200;200
18;12% increased Burning Damage;Cremator;Fan the Flames;400;800;1200
18;12% increased Burning Damage;Cremator;Cooked Alive;42;200;200;200;600
18;12% increased Burning Damage;Cremator;Burning Bright;80;80;80;80;80
18;12% increased Burning Damage;Cremator;Wrapped in Flame;80;80;80;180;180
18;12% increased Burning Damage;Cremator;Wasting Affliction;50;50;50;200
18;12% increased Burning Damage;Cremator;Haemorrhage;133;133;133;200;1000
18;12% increased Burning Damage;Cremator;Flow of Life;600;800;2000;2000
18;12% increased Burning Damage;Cremator;Exposure Therapy;20;20;20;1000
18;12% increased Burning Damage;Cremator;Vile Reinvigoration;25;25;25;70;70
18;12% increased Burning Damage;Cremator;Circling Oblivion;44;44;44;200;200
18;12% increased Burning Damage;Cremator;Brewed for Potency;50;50;50;120;120
18;12% increased Burning Damage;Cremator;Student of Decay;200;280;400;600;8000
18;12% increased Burning Damage;Blowback;Fan the Flames;300;400;400;400;800
18;12% increased Burning Damage;Blowback;Cooked Alive;31;42;42;42;42
18;12% increased Burning Damage;Blowback;Burning Bright;42;42;140;140;140
18;12% increased Burning Damage;Blowback;Wrapped in Flame;200;200;200;200;800
18;12% increased Burning Damage;Blowback;Wasting Affliction;31;1400;1600;1600;2400
18;12% increased Burning Damage;Blowback;Haemorrhage;40;40;40;120;120
18;12% increased Burning Damage;Blowback;Flow of Life;149;149;149;800;1600
18;12% increased Burning Damage;Blowback;Exposure Therapy;50;50;50;80;80
18;12% increased Burning Damage;Blowback;Brush with Death;200;200;2000;4000
18;12% increased Burning Damage;Blowback;Vile Reinvigoration;800
18;12% increased Burning Damage;Blowback;Circling Oblivion;100;100;100;400;800
18;12% increased Burning Damage;Blowback;Brewed for Potency;30;30;30;30;30
18;12% increased Burning Damage;Blowback;Student of Decay;31;125;125;125
18;12% increased Burning Damage;Fan the Flames;Cooked Alive;400;400;147;2600;111000
18;12% increased Burning Damage;Fan the Flames;Burning Bright;200;400;400;400;600
18;12% increased Burning Damage;Fan the Flames;Wrapped in Flame;400;3000
18;12% increased Burning Damage;Fan the Flames;Haemorrhage;400
18;12% increased Burning Damage;Fan the Flames;Flow of Life;200;600;4000;10000
18;12% increased Burning Damage;Fan the Flames;Exposure Therapy;800;1400
18;12% increased Burning Damage;Fan the Flames;Brush with Death;2000
18;12% increased Burning Damage;Fan the Flames;Circling Oblivion;52;600;800;1600;98000
18;12% increased Burning Damage;Fan the Flames;Brewed for Potency;30;30;30;600
18;12% increased Burning Damage;Cooked Alive;Burning Bright;1;1;1;1;1
18;12% increased Burning Damage;Cooked Alive;Wrapped in Flame;15;15;15;15;15
18;12% increased Burning Damage;Cooked Alive;Flow of Life;600;800;1400
18;12% increased Burning Damage;Cooked Alive;Exposure Therapy;31;90;90;90;63
18;12% increased Burning Damage;Cooked Alive;Brush with Death;42;200;200;1800
18;12% increased Burning Damage;Cooked Alive;Vile Reinvigoration;200;200
18;12% increased Burning Damage;Cooked Alive;Brewed for Potency;13;13;13;100;100
18;12% increased Burning Damage;Cooked Alive;Student of Decay;50;50;50;63
18;12% increased Burning Damage;Burning Bright;Wrapped in Flame;20;20;20;52;200
18;12% increased Burning Damage;Burning Bright;Wasting Affliction;400;1000;1000;315;1400
18;12% increased Burning Damage;Burning Bright;Haemorrhage;75;75;75;200;800
18;12% increased Burning Damage;Burning Bright;Flow of Life;1000;1000;2000;2000;2000
18;12% increased Burning Damage;Burning Bright;Exposure Therapy;50;50;50;200;200
18;12% increased Burning Damage;Burning Bright;Brush with Death;100;100;100;1000
18;12% increased Burning Damage;Burning Bright;Vile Reinvigoration;200;200;400;600;800
18;12% increased Burning Damage;Burning Bright;Circling Oblivion;200;200;200;200;400
18;12% increased Burning Damage;Burning Bright;Brewed for Potency;20;20;20;50;50
18;12% increased Burning Damage;Burning Bright;Student of Decay;20;20;20;120;120
18;12% increased Burning Damage;Wrapped in Flame;Wasting Affliction;1000
18;12% increased Burning Damage;Wrapped in Flame;Haemorrhage;600
18;12% increased Burning Damage;Wrapped in Flame;Flow of Life;500;600;800;4000;5000
18;12% increased Burning Damage;Wrapped in Flame;Brush with Death;600;800;4000
18;12% increased Burning Damage;Wrapped in Flame;Vile Reinvigoration;200;150;150;150;1000
18;12% increased Burning Damage;Wrapped in Flame;Brewed for Potency;25;25;25
18;12% increased Burning Damage;Wrapped in Flame;Student of Decay;200;400;1000
18;12% increased Burning Damage;Wasting Affliction;Haemorrhage;30;30;30;60;60
18;12% increased Burning Damage;Wasting Affliction;Flow of Life;400;500;800;800;1000
18;12% increased Burning Damage;Wasting Affliction;Exposure Therapy;5;5;5;5;5
18;12% increased Burning Damage;Wasting Affliction;Brush with Death;21;42;200;200;400
18;12% increased Burning Damage;Wasting Affliction;Vile Reinvigoration;40;40;40;21;200
18;12% increased Burning Damage;Wasting Affliction;Circling Oblivion;50;50;50;35;42
18;12% increased Burning Damage;Wasting Affliction;Brewed for Potency;75;75;75;200;200
18;12% increased Burning Damage;Wasting Affliction;Student of Decay;200;200;200;200;200
18;12% increased Burning Damage;Haemorrhage;Flow of Life;100;100;100;200;200
18;12% increased Burning Damage;Haemorrhage;Exposure Therapy;10;10;10;10 OTHER_CURRENCY: awakened-sextant;20
18;12% increased Burning Damage;Haemorrhage;Brush with Death;5;5;5;20;20
18;12% increased Burning Damage;Haemorrhage;Vile Reinvigoration;1;1;1;15;15
18;12% increased Burning Damage;Haemorrhage;Circling Oblivion;20;20;20;20;20
18;12% increased Burning Damage;Haemorrhage;Brewed for Potency;1;1;1;20;20
18;12% increased Burning Damage;Haemorrhage;Student of Decay;26;26;26;50;50
18;12% increased Burning Damage;Flow of Life;Exposure Therapy;5;5;5;40;40
18;12% increased Burning Damage;Flow of Life;Brush with Death;200;200;1000;1000;1400
18;12% increased Burning Damage;Flow of Life;Vile Reinvigoration;80;80;80;42;200
18;12% increased Burning Damage;Flow of Life;Circling Oblivion;90;90;90;42;42
18;12% increased Burning Damage;Flow of Life;Brewed for Potency;1;1;1;21;21
18;12% increased Burning Damage;Flow of Life;Student of Decay;800;800;800;1600;1800
18;12% increased Burning Damage;Exposure Therapy;Brush with Death;30;30;30;50;50
18;12% increased Burning Damage;Exposure Therapy;Vile Reinvigoration;7;7;7;9;9
18;12% increased Burning Damage;Exposure Therapy;Circling Oblivion;2;2;2;4;4
18;12% increased Burning Damage;Exposure Therapy;Brewed for Potency;5;5;5;5;5
18;12% increased Burning Damage;Exposure Therapy;Student of Decay;5;5;5;10;10
18;12% increased Burning Damage;Brush with Death;Vile Reinvigoration;42;600;600;600;210
18;12% increased Burning Damage;Brush with Death;Circling Oblivion;20;20;20;40;40
18;12% increased Burning Damage;Brush with Death;Brewed for Potency;5;5;5;10;10
18;12% increased Burning Damage;Brush with Death;Student of Decay;21;200;200;200;200
18;12% increased Burning Damage;Vile Reinvigoration;Circling Oblivion;2;2;2;5;5
18;12% increased Burning Damage;Vile Reinvigoration;Brewed for Potency;8;8;8;10;10
18;12% increased Burning Damage;Vile Reinvigoration;Student of Decay;37;37;37;44;44
18;12% increased Burning Damage;Circling Oblivion;Brewed for Potency;10;10;10;10 OTHER_CURRENCY: awakened-sextant;20
18;12% increased Burning Damage;Circling Oblivion;Student of Decay;30;30;30;40;40
18;12% increased Burning Damage;Brewed for Potency;Student of Decay;1;1;1;20;20
19;12% increased Chaos Damage over Time;Unwaveringly Evil;Dark Ideation;31;200;150;150;150
19;12% increased Chaos Damage over Time;Unwaveringly Evil;Wicked Pall;1;1;1;10;10
19;12% increased Chaos Damage over Time;Unwaveringly Evil;Septic Spells;20;20;20;50;50
19;12% increased Chaos Damage over Time;Unwaveringly Evil;Low Tolerance;5;5;5;45;45
19;12% increased Chaos Damage over Time;Unwaveringly Evil;Steady Torment;200
19;12% increased Chaos Damage over Time;Unwaveringly Evil;Eternal Suffering;40;40;40;42;400
19;12% increased Chaos Damage over Time;Unwaveringly Evil;Eldritch Inspiration;60;60;60;80;80
19;12% increased Chaos Damage over Time;Unwaveringly Evil;Wasting Affliction;80;80;80;80;80
19;12% increased Chaos Damage over Time;Unwaveringly Evil;Haemorrhage;40;40;40;50;50
19;12% increased Chaos Damage over Time;Unwaveringly Evil;Flow of Life;9;9;9;200;200
19;12% increased Chaos Damage over Time;Unwaveringly Evil;Exposure Therapy;30;30;30;21;3000
19;12% increased Chaos Damage over Time;Unwaveringly Evil;Brush with Death;200;58;500;800;1000
19;12% increased Chaos Damage over Time;Unwaveringly Evil;Vile Reinvigoration;5;5;5;60;60
19;12% increased Chaos Damage over Time;Unwaveringly Evil;Circling Oblivion;7;7;7;35;35
19;12% increased Chaos Damage over Time;Unwaveringly Evil;Brewed for Potency;40;40;40;45;45
19;12% increased Chaos Damage over Time;Unwaveringly Evil;Student of Decay;3;3;3;30;30
19;12% increased Chaos Damage over Time;Dark Ideation;Wicked Pall;40;40;40;40;40
19;12% increased Chaos Damage over Time;Dark Ideation;Septic Spells;459
19;12% increased Chaos Damage over Time;Dark Ideation;Low Tolerance;459
19;12% increased Chaos Damage over Time;Dark Ideation;Steady Torment;70;70;70
19;12% increased Chaos Damage over Time;Dark Ideation;Eternal Suffering;200
19;12% increased Chaos Damage over Time;Dark Ideation;Eldritch Inspiration;200;200
19;12% increased Chaos Damage over Time;Dark Ideation;Wasting Affliction;2000
19;12% increased Chaos Damage over Time;Dark Ideation;Flow of Life;2000;2400
19;12% increased Chaos Damage over Time;Dark Ideation;Exposure Therapy;35;35;35;2000
19;12% increased Chaos Damage over Time;Dark Ideation;Brush with Death;400
19;12% increased Chaos Damage over Time;Dark Ideation;Brewed for Potency;200;400;600
19;12% increased Chaos Damage over Time;Dark Ideation;Student of Decay;10;10;10
19;12% increased Chaos Damage over Time;Wicked Pall;Septic Spells;200;63;1400;4000
19;12% increased Chaos Damage over Time;Wicked Pall;Low Tolerance;1400;2400
19;12% increased Chaos Damage over Time;Wicked Pall;Steady Torment;50;50;50
19;12% increased Chaos Damage over Time;Wicked Pall;Eternal Suffering;40;40;40;42;200
19;12% increased Chaos Damage over Time;Wicked Pall;Eldritch Inspiration;200;200;200;63;105
19;12% increased Chaos Damage over Time;Wicked Pall;Wasting Affliction;1000;1200;525
19;12% increased Chaos Damage over Time;Wicked Pall;Haemorrhage;800
19;12% increased Chaos Damage over Time;Wicked Pall;Flow of Life;800;1000;1200;3000;3000
19;12% increased Chaos Damage over Time;Wicked Pall;Exposure Therapy;99;99;99;200;200
19;12% increased Chaos Damage over Time;Wicked Pall;Brush with Death;55;55;55;80;80
19;12% increased Chaos Damage over Time;Wicked Pall;Vile Reinvigoration;400;400;400;400;600
19;12% increased Chaos Damage over Time;Wicked Pall;Circling Oblivion;42;200;400;800;294
19;12% increased Chaos Damage over Time;Wicked Pall;Brewed for Potency;63;105;400;400;400
19;12% increased Chaos Damage over Time;Wicked Pall;Student of Decay;200;200;200;200;200
19;12% increased Chaos Damage over Time;Septic Spells;Low Tolerance;400;1000;1000;1000;12600
19;12% increased Chaos Damage over Time;Septic Spells;Steady Torment;200
19;12% increased Chaos Damage over Time;Septic Spells;Eternal Suffering;60;60;60;100;100
19;12% increased Chaos Damage over Time;Septic Spells;Eldritch Inspiration;400;800
19;12% increased Chaos Damage over Time;Septic Spells;Wasting Affliction;60;60;60;200;10000
19;12% increased Chaos Damage over Time;Septic Spells;Haemorrhage;200;175;175;175
19;12% increased Chaos Damage over Time;Septic Spells;Flow of Life;2000;2400
19;12% increased Chaos Damage over Time;Septic Spells;Exposure Therapy;75;75;75;90;90
19;12% increased Chaos Damage over Time;Septic Spells;Brush with Death;400
19;12% increased Chaos Damage over Time;Septic Spells;Vile Reinvigoration;600;1000;1200;1800;2000
19;12% increased Chaos Damage over Time;Septic Spells;Circling Oblivion;100;100;100;200;200
19;12% increased Chaos Damage over Time;Septic Spells;Brewed for Potency;120;120;120;1000
19;12% increased Chaos Damage over Time;Septic Spells;Student of Decay;105;400;60800
19;12% increased Chaos Damage over Time;Low Tolerance;Steady Torment;105
19;12% increased Chaos Damage over Time;Low Tolerance;Eternal Suffering;1000;1200
19;12% increased Chaos Damage over Time;Low Tolerance;Eldritch Inspiration;63;1200
19;12% increased Chaos Damage over Time;Low Tolerance;Wasting Affliction;2400;4000
19;12% increased Chaos Damage over Time;Low Tolerance;Haemorrhage;200
19;12% increased Chaos Damage over Time;Low Tolerance;Flow of Life;200;200;400;600
19;12% increased Chaos Damage over Time;Low Tolerance;Exposure Therapy;200;105;800
19;12% increased Chaos Damage over Time;Low Tolerance;Circling Oblivion;200;400;600;2400;3000
19;12% increased Chaos Damage over Time;Low Tolerance;Brewed for Potency;50;50;50;200;800
19;12% increased Chaos Damage over Time;Low Tolerance;Student of Decay;168;1000;2000;2000
19;12% increased Chaos Damage over Time;Steady Torment;Eternal Suffering;40;40;40
19;12% increased Chaos Damage over Time;Steady Torment;Eldritch Inspiration;200;200
19;12% increased Chaos Damage over Time;Steady Torment;Wasting Affliction;180;180;180;400
19;12% increased Chaos Damage over Time;Steady Torment;Haemorrhage;200;1400
19;12% increased Chaos Damage over Time;Steady Torment;Flow of Life;21;200
19;12% increased Chaos Damage over Time;Steady Torment;Exposure Therapy;30;30;30;50;50
19;12% increased Chaos Damage over Time;Steady Torment;Vile Reinvigoration;200;400;400;3000
19;12% increased Chaos Damage over Time;Steady Torment;Circling Oblivion;42;63;300;400;400
19;12% increased Chaos Damage over Time;Steady Torment;Brewed for Potency;10;10;10;20;20
19;12% increased Chaos Damage over Time;Steady Torment;Student of Decay;50;50;50;100;100
19;12% increased Chaos Damage over Time;Eternal Suffering;Eldritch Inspiration;1;1;1;5;5
19;12% increased Chaos Damage over Time;Eternal Suffering;Wasting Affliction;99;99;99;800
19;12% increased Chaos Damage over Time;Eternal Suffering;Haemorrhage;200;220
19;12% increased Chaos Damage over Time;Eternal Suffering;Flow of Life;7000
19;12% increased Chaos Damage over Time;Eternal Suffering;Exposure Therapy;65;65;65;90;90
19;12% increased Chaos Damage over Time;Eternal Suffering;Brush with Death;80;80;80;80;80
19;12% increased Chaos Damage over Time;Eternal Suffering;Vile Reinvigoration;42;200
19;12% increased Chaos Damage over Time;Eternal Suffering;Circling Oblivion;40;40;40;200;400
19;12% increased Chaos Damage over Time;Eternal Suffering;Brewed for Potency;30;30;30;40;40
19;12% increased Chaos Damage over Time;Eternal Suffering;Student of Decay;200;150;150;150
19;12% increased Chaos Damage over Time;Eldritch Inspiration;Wasting Affliction;200
19;12% increased Chaos Damage over Time;Eldritch Inspiration;Haemorrhage;75;75;75;80;80
19;12% increased Chaos Damage over Time;Eldritch Inspiration;Flow of Life;200;200;200
19;12% increased Chaos Damage over Time;Eldritch Inspiration;Exposure Therapy;10;10;10;45;45
19;12% increased Chaos Damage over Time;Eldritch Inspiration;Vile Reinvigoration;4;4;4;21;600
19;12% increased Chaos Damage over Time;Eldritch Inspiration;Circling Oblivion;120;120;120;200;1000
19;12% increased Chaos Damage over Time;Eldritch Inspiration;Brewed for Potency;50;50;50;50;50
19;12% increased Chaos Damage over Time;Eldritch Inspiration;Student of Decay;21;200
19;12% increased Chaos Damage over Time;Wasting Affliction;Haemorrhage;30;30;30;60;60
19;12% increased Chaos Damage over Time;Wasting Affliction;Flow of Life;400;500;800;800;1000
19;12% increased Chaos Damage over Time;Wasting Affliction;Exposure Therapy;5;5;5;5;5
19;12% increased Chaos Damage over Time;Wasting Affliction;Brush with Death;21;42;200;200;400
19;12% increased Chaos Damage over Time;Wasting Affliction;Vile Reinvigoration;40;40;40;21;200
19;12% increased Chaos Damage over Time;Wasting Affliction;Circling Oblivion;50;50;50;35;42
19;12% increased Chaos Damage over Time;Wasting Affliction;Brewed for Potency;75;75;75;200;200
19;12% increased Chaos Damage over Time;Wasting Affliction;Student of Decay;200;200;200;200;200
19;12% increased Chaos Damage over Time;Haemorrhage;Flow of Life;100;100;100;200;200
19;12% increased Chaos Damage over Time;Haemorrhage;Exposure Therapy;10;10;10;10 OTHER_CURRENCY: awakened-sextant;20
19;12% increased Chaos Damage over Time;Haemorrhage;Brush with Death;5;5;5;20;20
19;12% increased Chaos Damage over Time;Haemorrhage;Vile Reinvigoration;1;1;1;15;15
19;12% increased Chaos Damage over Time;Haemorrhage;Circling Oblivion;20;20;20;20;20
19;12% increased Chaos Damage over Time;Haemorrhage;Brewed for Potency;1;1;1;20;20
19;12% increased Chaos Damage over Time;Haemorrhage;Student of Decay;26;26;26;50;50
19;12% increased Chaos Damage over Time;Flow of Life;Exposure Therapy;5;5;5;40;40
19;12% increased Chaos Damage over Time;Flow of Life;Brush with Death;200;200;1000;1000;1400
19;12% increased Chaos Damage over Time;Flow of Life;Vile Reinvigoration;80;80;80;42;200
19;12% increased Chaos Damage over Time;Flow of Life;Circling Oblivion;90;90;90;42;42
19;12% increased Chaos Damage over Time;Flow of Life;Brewed for Potency;1;1;1;21;21
19;12% increased Chaos Damage over Time;Flow of Life;Student of Decay;800;800;800;1600;1800
19;12% increased Chaos Damage over Time;Exposure Therapy;Brush with Death;30;30;30;50;50
19;12% increased Chaos Damage over Time;Exposure Therapy;Vile Reinvigoration;7;7;7;9;9
19;12% increased Chaos Damage over Time;Exposure Therapy;Circling Oblivion;2;2;2;4;4
19;12% increased Chaos Damage over Time;Exposure Therapy;Brewed for Potency;5;5;5;5;5
19;12% increased Chaos Damage over Time;Exposure Therapy;Student of Decay;5;5;5;10;10
19;12% increased Chaos Damage over Time;Brush with Death;Vile Reinvigoration;42;600;600;600;210
19;12% increased Chaos Damage over Time;Brush with Death;Circling Oblivion;20;20;20;40;40
19;12% increased Chaos Damage over Time;Brush with Death;Brewed for Potency;5;5;5;10;10
19;12% increased Chaos Damage over Time;Brush with Death;Student of Decay;21;200;200;200;200
19;12% increased Chaos Damage over Time;Vile Reinvigoration;Circling Oblivion;2;2;2;5;5
19;12% increased Chaos Damage over Time;Vile Reinvigoration;Brewed for Potency;8;8;8;10;10
19;12% increased Chaos Damage over Time;Vile Reinvigoration;Student of Decay;37;37;37;44;44
19;12% increased Chaos Damage over Time;Circling Oblivion;Brewed for Potency;10;10;10;10 OTHER_CURRENCY: awakened-sextant;20
19;12% increased Chaos Damage over Time;Circling Oblivion;Student of Decay;30;30;30;40;40
19;12% increased Chaos Damage over Time;Brewed for Potency;Student of Decay;1;1;1;20;20
20;12% increased Physical Damage over Time;Wound Aggravation;Vivid Hues;45;45;45;70;70
20;12% increased Physical Damage over Time;Wound Aggravation;Rend;200;200;400;400;600
20;12% increased Physical Damage over Time;Wound Aggravation;Disorienting Wounds;1;1;1;10;10
20;12% increased Physical Damage over Time;Wound Aggravation;Compound Injury;5;5;5;40;40
20;12% increased Physical Damage over Time;Wound Aggravation;Blood Artist;200;1000
20;12% increased Physical Damage over Time;Wound Aggravation;Phlebotomist;10;10;10;35;35
20;12% increased Physical Damage over Time;Wound Aggravation;Steady Torment;130;130;130
20;12% increased Physical Damage over Time;Wound Aggravation;Wasting Affliction;10;10;10;16000
20;12% increased Physical Damage over Time;Wound Aggravation;Haemorrhage;45;45;45;200;105
20;12% increased Physical Damage over Time;Wound Aggravation;Flow of Life;110;110;110;200;980
20;12% increased Physical Damage over Time;Wound Aggravation;Exposure Therapy;20;20;20;20;20
20;12% increased Physical Damage over Time;Wound Aggravation;Brush with Death;70;70;70;300
20;12% increased Physical Damage over Time;Wound Aggravation;Vile Reinvigoration;30;30;30;50;50
20;12% increased Physical Damage over Time;Wound Aggravation;Circling Oblivion;40;40;40;50;50
20;12% increased Physical Damage over Time;Wound Aggravation;Brewed for Potency;40;40;40;40;40
20;12% increased Physical Damage over Time;Wound Aggravation;Student of Decay;5;5;5;60;60
20;12% increased Physical Damage over Time;Vivid Hues;Rend;60;60;60;60;60
20;12% increased Physical Damage over Time;Vivid Hues;Disorienting Wounds;5;5;5;30;30
20;12% increased Physical Damage over Time;Vivid Hues;Compound Injury;10;10;10;31;200
20;12% increased Physical Damage over Time;Vivid Hues;Blood Artist;50;50;50;600
20;12% increased Physical Damage over Time;Vivid Hues;Phlebotomist;10;10;10;50;50
20;12% increased Physical Damage over Time;Vivid Hues;Haemorrhage;21;1400
20;12% increased Physical Damage over Time;Vivid Hues;Flow of Life;200;600;800
20;12% increased Physical Damage over Time;Vivid Hues;Exposure Therapy;10;10;10;20;20
20;12% increased Physical Damage over Time;Vivid Hues;Brush with Death;4000
20;12% increased Physical Damage over Time;Vivid Hues;Vile Reinvigoration;80;80;80
20;12% increased Physical Damage over Time;Vivid Hues;Circling Oblivion;30;30;30;40;40
20;12% increased Physical Damage over Time;Vivid Hues;Brewed for Potency;15;15;15;20;20
20;12% increased Physical Damage over Time;Vivid Hues;Student of Decay;50;50;50
20;12% increased Physical Damage over Time;Rend;Disorienting Wounds;50;50;50;50;50
20;12% increased Physical Damage over Time;Rend;Compound Injury;50;50;50;50;50
20;12% increased Physical Damage over Time;Rend;Blood Artist;800;2000
20;12% increased Physical Damage over Time;Rend;Phlebotomist;30;30;30;45;45
20;12% increased Physical Damage over Time;Rend;Steady Torment;84
20;12% increased Physical Damage over Time;Rend;Wasting Affliction;400;1000;1400
20;12% increased Physical Damage over Time;Rend;Haemorrhage;75;75;75;600
20;12% increased Physical Damage over Time;Rend;Exposure Therapy;100;100;100;200;2000
20;12% increased Physical Damage over Time;Rend;Vile Reinvigoration;10;10;10;600
20;12% increased Physical Damage over Time;Rend;Circling Oblivion;200;400;400;400;1000
20;12% increased Physical Damage over Time;Rend;Brewed for Potency;10;10;10;21
20;12% increased Physical Damage over Time;Rend;Student of Decay;1800
20;12% increased Physical Damage over Time;Disorienting Wounds;Compound Injury;10;10;10;35;42
20;12% increased Physical Damage over Time;Disorienting Wounds;Blood Artist;800
20;12% increased Physical Damage over Time;Disorienting Wounds;Phlebotomist;50;50;50;200;20000
20;12% increased Physical Damage over Time;Disorienting Wounds;Steady Torment;40;40;40;60;105
20;12% increased Physical Damage over Time;Disorienting Wounds;Wasting Affliction;200
20;12% increased Physical Damage over Time;Disorienting Wounds;Haemorrhage;80;80;80;800
20;12% increased Physical Damage over Time;Disorienting Wounds;Flow of Life;800;2000
20;12% increased Physical Damage over Time;Disorienting Wounds;Exposure Therapy;25;25;25;50;50
20;12% increased Physical Damage over Time;Disorienting Wounds;Brush with Death;21
20;12% increased Physical Damage over Time;Disorienting Wounds;Vile Reinvigoration;30;30;30;200
20;12% increased Physical Damage over Time;Disorienting Wounds;Circling Oblivion;20;20;20;50;50
20;12% increased Physical Damage over Time;Disorienting Wounds;Brewed for Potency;1;1;1;20;20
20;12% increased Physical Damage over Time;Disorienting Wounds;Student of Decay;125;125;125;150;150
20;12% increased Physical Damage over Time;Compound Injury;Blood Artist;260
20;12% increased Physical Damage over Time;Compound Injury;Phlebotomist;20;20;20;200
20;12% increased Physical Damage over Time;Compound Injury;Steady Torment;21;400;800
20;12% increased Physical Damage over Time;Compound Injury;Wasting Affliction;50;50;50;400
20;12% increased Physical Damage over Time;Compound Injury;Haemorrhage;20;20;20;35;35
20;12% increased Physical Damage over Time;Compound Injury;Exposure Therapy;1;1;1;5;5
20;12% increased Physical Damage over Time;Compound Injury;Brush with Death;1600;2000
20;12% increased Physical Damage over Time;Compound Injury;Vile Reinvigoration;30;30;30;50;50
20;12% increased Physical Damage over Time;Compound Injury;Circling Oblivion;50;50;50;200;800
20;12% increased Physical Damage over Time;Compound Injury;Brewed for Potency;40;40;40;40;40
20;12% increased Physical Damage over Time;Blood Artist;Phlebotomist;200
20;12% increased Physical Damage over Time;Blood Artist;Haemorrhage;35;35;35
20;12% increased Physical Damage over Time;Blood Artist;Flow of Life;1000
20;12% increased Physical Damage over Time;Blood Artist;Vile Reinvigoration;20;20;20
20;12% increased Physical Damage over Time;Blood Artist;Circling Oblivion;21;100;100;100
20;12% increased Physical Damage over Time;Blood Artist;Student of Decay;600;600
20;12% increased Physical Damage over Time;Phlebotomist;Steady Torment;800;3200
20;12% increased Physical Damage over Time;Phlebotomist;Wasting Affliction;10;10;10;200
20;12% increased Physical Damage over Time;Phlebotomist;Haemorrhage;21;21;800;1200
20;12% increased Physical Damage over Time;Phlebotomist;Exposure Therapy;31;31;31;50;50
20;12% increased Physical Damage over Time;Phlebotomist;Vile Reinvigoration;30;30;30;40;40
20;12% increased Physical Damage over Time;Phlebotomist;Circling Oblivion;10;10;10;800
20;12% increased Physical Damage over Time;Phlebotomist;Brewed for Potency;40;40;40;50;50
20;12% increased Physical Damage over Time;Phlebotomist;Student of Decay;60;60;60;75;75
20;12% increased Physical Damage over Time;Steady Torment;Wasting Affliction;180;180;180;400
20;12% increased Physical Damage over Time;Steady Torment;Haemorrhage;200;1400
20;12% increased Physical Damage over Time;Steady Torment;Flow of Life;21;200
20;12% increased Physical Damage over Time;Steady Torment;Exposure Therapy;30;30;30;50;50
20;12% increased Physical Damage over Time;Steady Torment;Vile Reinvigoration;200;400;400;3000
20;12% increased Physical Damage over Time;Steady Torment;Circling Oblivion;42;63;300;400;400
20;12% increased Physical Damage over Time;Steady Torment;Brewed for Potency;10;10;10;20;20
20;12% increased Physical Damage over Time;Steady Torment;Student of Decay;50;50;50;100;100
20;12% increased Physical Damage over Time;Wasting Affliction;Haemorrhage;30;30;30;60;60
20;12% increased Physical Damage over Time;Wasting Affliction;Flow of Life;400;500;800;800;1000
20;12% increased Physical Damage over Time;Wasting Affliction;Exposure Therapy;5;5;5;5;5
20;12% increased Physical Damage over Time;Wasting Affliction;Brush with Death;21;42;200;200;400
20;12% increased Physical Damage over Time;Wasting Affliction;Vile Reinvigoration;40;40;40;21;200
20;12% increased Physical Damage over Time;Wasting Affliction;Circling Oblivion;50;50;50;35;42
20;12% increased Physical Damage over Time;Wasting Affliction;Brewed for Potency;75;75;75;200;200
20;12% increased Physical Damage over Time;Wasting Affliction;Student of Decay;200;200;200;200;200
20;12% increased Physical Damage over Time;Haemorrhage;Flow of Life;100;100;100;200;200
20;12% increased Physical Damage over Time;Haemorrhage;Exposure Therapy;10;10;10;10 OTHER_CURRENCY: awakened-sextant;20
20;12% increased Physical Damage over Time;Haemorrhage;Brush with Death;5;5;5;20;20
20;12% increased Physical Damage over Time;Haemorrhage;Vile Reinvigoration;1;1;1;15;15
20;12% increased Physical Damage over Time;Haemorrhage;Circling Oblivion;20;20;20;20;20
20;12% increased Physical Damage over Time;Haemorrhage;Brewed for Potency;1;1;1;20;20
20;12% increased Physical Damage over Time;Haemorrhage;Student of Decay;26;26;26;50;50
20;12% increased Physical Damage over Time;Flow of Life;Exposure Therapy;5;5;5;40;40
20;12% increased Physical Damage over Time;Flow of Life;Brush with Death;200;200;1000;1000;1400
20;12% increased Physical Damage over Time;Flow of Life;Vile Reinvigoration;80;80;80;42;200
20;12% increased Physical Damage over Time;Flow of Life;Circling Oblivion;90;90;90;42;42
20;12% increased Physical Damage over Time;Flow of Life;Brewed for Potency;1;1;1;21;21
20;12% increased Physical Damage over Time;Flow of Life;Student of Decay;800;800;800;1600;1800
20;12% increased Physical Damage over Time;Exposure Therapy;Brush with Death;30;30;30;50;50
20;12% increased Physical Damage over Time;Exposure Therapy;Vile Reinvigoration;7;7;7;9;9
20;12% increased Physical Damage over Time;Exposure Therapy;Circling Oblivion;2;2;2;4;4
20;12% increased Physical Damage over Time;Exposure Therapy;Brewed for Potency;5;5;5;5;5
20;12% increased Physical Damage over Time;Exposure Therapy;Student of Decay;5;5;5;10;10
20;12% increased Physical Damage over Time;Brush with Death;Vile Reinvigoration;42;600;600;600;210
20;12% increased Physical Damage over Time;Brush with Death;Circling Oblivion;20;20;20;40;40
20;12% increased Physical Damage over Time;Brush with Death;Brewed for Potency;5;5;5;10;10
20;12% increased Physical Damage over Time;Brush with Death;Student of Decay;21;200;200;200;200
20;12% increased Physical Damage over Time;Vile Reinvigoration;Circling Oblivion;2;2;2;5;5
20;12% increased Physical Damage over Time;Vile Reinvigoration;Brewed for Potency;8;8;8;10;10
20;12% increased Physical Damage over Time;Vile Reinvigoration;Student of Decay;37;37;37;44;44
20;12% increased Physical Damage over Time;Circling Oblivion;Brewed for Potency;10;10;10;10 OTHER_CURRENCY: awakened-sextant;20
20;12% increased Physical Damage over Time;Circling Oblivion;Student of Decay;30;30;30;40;40
20;12% increased Physical Damage over Time;Brewed for Potency;Student of Decay;1;1;1;20;20
21;12% increased Cold Damage over Time;Cold-Blooded Killer;Wasting Affliction;100;100;100
21;12% increased Cold Damage over Time;Cold-Blooded Killer;Haemorrhage;40;40;40;40;40
21;12% increased Cold Damage over Time;Cold-Blooded Killer;Flow of Life;200;200;400
21;12% increased Cold Damage over Time;Cold-Blooded Killer;Exposure Therapy;10;10;10;30;30
21;12% increased Cold Damage over Time;Cold-Blooded Killer;Vile Reinvigoration;1;1;1;20;20
21;12% increased Cold Damage over Time;Cold-Blooded Killer;Circling Oblivion;10;10;10;25;25
21;12% increased Cold Damage over Time;Cold-Blooded Killer;Brewed for Potency;200;105;400;2400
21;12% increased Cold Damage over Time;Cold-Blooded Killer;Deep Chill;20;20;20;20;20
21;12% increased Cold Damage over Time;Cold-Blooded Killer;Blast-Freeze;10;10;10;15;15
21;12% increased Cold Damage over Time;Wasting Affliction;Haemorrhage;30;30;30;60;60
21;12% increased Cold Damage over Time;Wasting Affliction;Flow of Life;400;500;800;800;1000
21;12% increased Cold Damage over Time;Wasting Affliction;Exposure Therapy;5;5;5;5;5
21;12% increased Cold Damage over Time;Wasting Affliction;Brush with Death;21;42;200;200;400
21;12% increased Cold Damage over Time;Wasting Affliction;Vile Reinvigoration;40;40;40;21;200
21;12% increased Cold Damage over Time;Wasting Affliction;Circling Oblivion;50;50;50;35;42
21;12% increased Cold Damage over Time;Wasting Affliction;Brewed for Potency;75;75;75;200;200
21;12% increased Cold Damage over Time;Wasting Affliction;Chilling Presence;210
21;12% increased Cold Damage over Time;Wasting Affliction;Deep Chill;75;75;75;200;200
21;12% increased Cold Damage over Time;Wasting Affliction;Blast-Freeze;14;14;14
21;12% increased Cold Damage over Time;Haemorrhage;Flow of Life;100;100;100;200;200
21;12% increased Cold Damage over Time;Haemorrhage;Exposure Therapy;10;10;10;10 OTHER_CURRENCY: awakened-sextant;20
21;12% increased Cold Damage over Time;Haemorrhage;Brush with Death;5;5;5;20;20
21;12% increased Cold Damage over Time;Haemorrhage;Vile Reinvigoration;1;1;1;15;15
21;12% increased Cold Damage over Time;Haemorrhage;Circling Oblivion;20;20;20;20;20
21;12% increased Cold Damage over Time;Haemorrhage;Brewed for Potency;1;1;1;20;20
21;12% increased Cold Damage over Time;Haemorrhage;Chilling Presence;200
21;12% increased Cold Damage over Time;Haemorrhage;Deep Chill;2;2;2;3;3
21;12% increased Cold Damage over Time;Haemorrhage;Blast-Freeze;21;70;70;70
21;12% increased Cold Damage over Time;Flow of Life;Exposure Therapy;5;5;5;40;40
21;12% increased Cold Damage over Time;Flow of Life;Brush with Death;200;200;1000;1000;1400
21;12% increased Cold Damage over Time;Flow of Life;Vile Reinvigoration;80;80;80;42;200
21;12% increased Cold Damage over Time;Flow of Life;Circling Oblivion;90;90;90;42;42
21;12% increased Cold Damage over Time;Flow of Life;Brewed for Potency;1;1;1;21;21
21;12% increased Cold Damage over Time;Flow of Life;Deep Chill;40;40;40;70;70
21;12% increased Cold Damage over Time;Flow of Life;Blast-Freeze;50;50;50
21;12% increased Cold Damage over Time;Exposure Therapy;Brush with Death;30;30;30;50;50
21;12% increased Cold Damage over Time;Exposure Therapy;Vile Reinvigoration;7;7;7;9;9
21;12% increased Cold Damage over Time;Exposure Therapy;Circling Oblivion;2;2;2;4;4
21;12% increased Cold Damage over Time;Exposure Therapy;Brewed for Potency;5;5;5;5;5
21;12% increased Cold Damage over Time;Exposure Therapy;Chilling Presence;21
21;12% increased Cold Damage over Time;Exposure Therapy;Deep Chill;5;5;5;14;14
21;12% increased Cold Damage over Time;Brush with Death;Vile Reinvigoration;42;600;600;600;210
21;12% increased Cold Damage over Time;Brush with Death;Circling Oblivion;20;20;20;40;40
21;12% increased Cold Damage over Time;Brush with Death;Brewed for Potency;5;5;5;10;10
21;12% increased Cold Damage over Time;Brush with Death;Deep Chill;50;50;50;200;200
21;12% increased Cold Damage over Time;Brush with Death;Blast-Freeze;50;50;50;1000
21;12% increased Cold Damage over Time;Vile Reinvigoration;Circling Oblivion;2;2;2;5;5
21;12% increased Cold Damage over Time;Vile Reinvigoration;Brewed for Potency;8;8;8;10;10
21;12% increased Cold Damage over Time;Vile Reinvigoration;Chilling Presence;1600;2400
21;12% increased Cold Damage over Time;Vile Reinvigoration;Deep Chill;100;100;100;42;42
21;12% increased Cold Damage over Time;Vile Reinvigoration;Blast-Freeze;31;31;31;70;70
21;12% increased Cold Damage over Time;Circling Oblivion;Brewed for Potency;10;10;10;10 OTHER_CURRENCY: awakened-sextant;20
21;12% increased Cold Damage over Time;Circling Oblivion;Chilling Presence;5;5;5;20;20
21;12% increased Cold Damage over Time;Circling Oblivion;Deep Chill;8;8;8;9;9
21;12% increased Cold Damage over Time;Circling Oblivion;Blast-Freeze;50;50;50
21;12% increased Cold Damage over Time;Brewed for Potency;Chilling Presence;2000
21;12% increased Cold Damage over Time;Brewed for Potency;Deep Chill;10;10;10;15;15
21;12% increased Cold Damage over Time;Brewed for Potency;Blast-Freeze;15;15;15;42;200
21;12% increased Cold Damage over Time;Chilling Presence;Deep Chill;50;50;50;50;50
21;12% increased Cold Damage over Time;Chilling Presence;Blast-Freeze;200;84
21;12% increased Cold Damage over Time;Deep Chill;Blast-Freeze;30;30;30;40;40
22;10% increased Damage over Time;Wasting Affliction;Haemorrhage;30;30;30;60;60
22;10% increased Damage over Time;Wasting Affliction;Flow of Life;400;500;800;800;1000
22;10% increased Damage over Time;Wasting Affliction;Exposure Therapy;5;5;5;5;5
22;10% increased Damage over Time;Wasting Affliction;Brush with Death;21;42;200;200;400
22;10% increased Damage over Time;Wasting Affliction;Vile Reinvigoration;40;40;40;21;200
22;10% increased Damage over Time;Wasting Affliction;Circling Oblivion;50;50;50;35;42
22;10% increased Damage over Time;Wasting Affliction;Brewed for Potency;75;75;75;200;200
22;10% increased Damage over Time;Wasting Affliction;Student of Decay;200;200;200;200;200
22;10% increased Damage over Time;Haemorrhage;Flow of Life;100;100;100;200;200
22;10% increased Damage over Time;Haemorrhage;Exposure Therapy;10;10;10;10 OTHER_CURRENCY: awakened-sextant;20
22;10% increased Damage over Time;Haemorrhage;Brush with Death;5;5;5;20;20
22;10% increased Damage over Time;Haemorrhage;Vile Reinvigoration;1;1;1;15;15
22;10% increased Damage over Time;Haemorrhage;Circling Oblivion;20;20;20;20;20
22;10% increased Damage over Time;Haemorrhage;Brewed for Potency;1;1;1;20;20
22;10% increased Damage over Time;Haemorrhage;Student of Decay;26;26;26;50;50
22;10% increased Damage over Time;Flow of Life;Exposure Therapy;5;5;5;40;40
22;10% increased Damage over Time;Flow of Life;Brush with Death;200;200;1000;1000;1400
22;10% increased Damage over Time;Flow of Life;Vile Reinvigoration;80;80;80;42;200
22;10% increased Damage over Time;Flow of Life;Circling Oblivion;90;90;90;42;42
22;10% increased Damage over Time;Flow of Life;Brewed for Potency;1;1;1;21;21
22;10% increased Damage over Time;Flow of Life;Student of Decay;800;800;800;1600;1800
22;10% increased Damage over Time;Exposure Therapy;Brush with Death;30;30;30;50;50
22;10% increased Damage over Time;Exposure Therapy;Vile Reinvigoration;7;7;7;9;9
22;10% increased Damage over Time;Exposure Therapy;Circling Oblivion;2;2;2;4;4
22;10% increased Damage over Time;Exposure Therapy;Brewed for Potency;5;5;5;5;5
22;10% increased Damage over Time;Exposure Therapy;Student of Decay;5;5;5;10;10
22;10% increased Damage over Time;Brush with Death;Vile Reinvigoration;42;600;600;600;210
22;10% increased Damage over Time;Brush with Death;Circling Oblivion;20;20;20;40;40
22;10% increased Damage over Time;Brush with Death;Brewed for Potency;5;5;5;10;10
22;10% increased Damage over Time;Brush with Death;Student of Decay;21;200;200;200;200
22;10% increased Damage over Time;Vile Reinvigoration;Circling Oblivion;2;2;2;5;5
22;10% increased Damage over Time;Vile Reinvigoration;Brewed for Potency;8;8;8;10;10
22;10% increased Damage over Time;Vile Reinvigoration;Student of Decay;37;37;37;44;44
22;10% increased Damage over Time;Circling Oblivion;Brewed for Potency;10;10;10;10 OTHER_CURRENCY: awakened-sextant;20
22;10% increased Damage over Time;Circling Oblivion;Student of Decay;30;30;30;40;40
22;10% increased Damage over Time;Brewed for Potency;Student of Decay;1;1;1;20;20
23;10% increased Effect of Non-Damaging Ailments;Eye of the Storm;Astonishing Affliction;5;5;5;13;13
23;10% increased Effect of Non-Damaging Ailments;Eye of the Storm;Cold Conduction;50;50;50;50;50
23;10% increased Effect of Non-Damaging Ailments;Eye of the Storm;Inspired Oppression;400
23;10% increased Effect of Non-Damaging Ailments;Eye of the Storm;Chilling Presence;200
23;10% increased Effect of Non-Damaging Ailments;Eye of the Storm;Deep Chill;5;5;5;20;20
23;10% increased Effect of Non-Damaging Ailments;Eye of the Storm;Blast-Freeze;10;10;10;70;70
23;10% increased Effect of Non-Damaging Ailments;Eye of the Storm;Stormrider;30;30;30;200;200
23;10% increased Effect of Non-Damaging Ailments;Eye of the Storm;Overshock;5;5;5;20;20
23;10% increased Effect of Non-Damaging Ailments;Astonishing Affliction;Cold Conduction;30;30;30;30;30
23;10% increased Effect of Non-Damaging Ailments;Astonishing Affliction;Inspired Oppression;20;20;20;200;400
23;10% increased Effect of Non-Damaging Ailments;Astonishing Affliction;Chilling Presence;45;45;45;200;200
23;10% increased Effect of Non-Damaging Ailments;Astonishing Affliction;Deep Chill;5;5;5;5;5
23;10% increased Effect of Non-Damaging Ailments;Astonishing Affliction;Blast-Freeze;50;50;50;21;60
23;10% increased Effect of Non-Damaging Ailments;Astonishing Affliction;Stormrider;30;30;30;40;40
23;10% increased Effect of Non-Damaging Ailments;Astonishing Affliction;Overshock;20;20;20;200;200
23;10% increased Effect of Non-Damaging Ailments;Cold Conduction;Chilling Presence;100;100;100;126;420
23;10% increased Effect of Non-Damaging Ailments;Cold Conduction;Deep Chill;40;40;40;50;50
23;10% increased Effect of Non-Damaging Ailments;Cold Conduction;Blast-Freeze;2;2;2;50;50
23;10% increased Effect of Non-Damaging Ailments;Cold Conduction;Stormrider;100;100;100;200;400
23;10% increased Effect of Non-Damaging Ailments;Cold Conduction;Overshock;15;15;15;50;50
23;10% increased Effect of Non-Damaging Ailments;Inspired Oppression;Chilling Presence;4000
23;10% increased Effect of Non-Damaging Ailments;Inspired Oppression;Deep Chill;29;29;29
23;10% increased Effect of Non-Damaging Ailments;Inspired Oppression;Blast-Freeze;200
23;10% increased Effect of Non-Damaging Ailments;Inspired Oppression;Stormrider;100;100;100;12000
23;10% increased Effect of Non-Damaging Ailments;Inspired Oppression;Overshock;55;55;55;58;58
23;10% increased Effect of Non-Damaging Ailments;Chilling Presence;Deep Chill;50;50;50;50;50
23;10% increased Effect of Non-Damaging Ailments;Chilling Presence;Blast-Freeze;200;84
23;10% increased Effect of Non-Damaging Ailments;Chilling Presence;Stormrider;600
23;10% increased Effect of Non-Damaging Ailments;Chilling Presence;Overshock;55;55;55;600;1000
23;10% increased Effect of Non-Damaging Ailments;Deep Chill;Blast-Freeze;30;30;30;40;40
23;10% increased Effect of Non-Damaging Ailments;Deep Chill;Stormrider;20;20;20;40;40
23;10% increased Effect of Non-Damaging Ailments;Deep Chill;Overshock;3;3;3;16;16
23;10% increased Effect of Non-Damaging Ailments;Blast-Freeze;Overshock;55;55;55;100;100
23;10% increased Effect of Non-Damaging Ailments;Stormrider;Overshock;55;55;55;21;60
26;10% increased Damage while affected by a Herald;Purposeful Harbinger;Heraldry;2;2;2;2;2
26;10% increased Damage while affected by a Herald;Purposeful Harbinger;Endbringer;2;2;2;3;3
26;10% increased Damage while affected by a Herald;Purposeful Harbinger;Empowered Envoy;21;400;400;600;800
26;10% increased Damage while affected by a Herald;Purposeful Harbinger;Dark Messenger;400;315;5000;98000
26;10% increased Damage while affected by a Herald;Purposeful Harbinger;Agent of Destruction;50;50;50;80;80
26;10% increased Damage while affected by a Herald;Purposeful Harbinger;Lasting Impression;2000;9000;10000
26;10% increased Damage while affected by a Herald;Purposeful Harbinger;Self-Fulfilling Prophecy;50;50;50;2000
26;10% increased Damage while affected by a Herald;Heraldry;Endbringer;21;42;400;400;400
26;10% increased Damage while affected by a Herald;Heraldry;Empowered Envoy;10;10;10;30;30
26;10% increased Damage while affected by a Herald;Heraldry;Dark Messenger;48;48;48;200
26;10% increased Damage while affected by a Herald;Heraldry;Agent of Destruction;30;30;30;40;40
26;10% increased Damage while affected by a Herald;Heraldry;Lasting Impression;88;88;88
26;10% increased Damage while affected by a Herald;Heraldry;Self-Fulfilling Prophecy;300;800
26;10% increased Damage while affected by a Herald;Endbringer;Empowered Envoy;10;10;10;15;15
26;10% increased Damage while affected by a Herald;Endbringer;Dark Messenger;36;36;36;50;50
26;10% increased Damage while affected by a Herald;Endbringer;Agent of Destruction;10;10;10;15;15
26;10% increased Damage while affected by a Herald;Endbringer;Lasting Impression;200;200;200;200;600
26;10% increased Damage while affected by a Herald;Endbringer;Self-Fulfilling Prophecy;40;40;40;75;75
26;10% increased Damage while affected by a Herald;Empowered Envoy;Dark Messenger;5;5;5;20;20
26;10% increased Damage while affected by a Herald;Empowered Envoy;Agent of Destruction;5;5;5;9;9
26;10% increased Damage while affected by a Herald;Empowered Envoy;Lasting Impression;15;15;15;20;20
26;10% increased Damage while affected by a Herald;Empowered Envoy;Self-Fulfilling Prophecy;70;70;70;80;80
26;10% increased Damage while affected by a Herald;Dark Messenger;Agent of Destruction;2;2;2;10;10
26;10% increased Damage while affected by a Herald;Dark Messenger;Lasting Impression;10;10;10;25;25
26;10% increased Damage while affected by a Herald;Dark Messenger;Self-Fulfilling Prophecy;80;80;80;200;200
26;10% increased Damage while affected by a Herald;Agent of Destruction;Lasting Impression;10;10;10;15;15
26;10% increased Damage while affected by a Herald;Agent of Destruction;Self-Fulfilling Prophecy;20;20;20;40;40
26;10% increased Damage while affected by a Herald;Lasting Impression;Self-Fulfilling Prophecy;100;100;100;400
27;Minions deal 10% increased Damage while you are affected by a Herald;Purposeful Harbinger;Heraldry;2;2;2;2;2
27;Minions deal 10% increased Damage while you are affected by a Herald;Purposeful Harbinger;Endbringer;2;2;2;3;3
27;Minions deal 10% increased Damage while you are affected by a Herald;Purposeful Harbinger;Cult-Leader;30;30;30;60;60
27;Minions deal 10% increased Damage while you are affected by a Herald;Purposeful Harbinger;Lasting Impression;2000;9000;10000
27;Minions deal 10% increased Damage while you are affected by a Herald;Purposeful Harbinger;Invigorating Portents;21;70;70;70;200
27;Minions deal 10% increased Damage while you are affected by a Herald;Purposeful Harbinger;Disciples;200
27;Minions deal 10% increased Damage while you are affected by a Herald;Heraldry;Endbringer;21;42;400;400;400
27;Minions deal 10% increased Damage while you are affected by a Herald;Heraldry;Cult-Leader;5;5;5;500;600
27;Minions deal 10% increased Damage while you are affected by a Herald;Heraldry;Lasting Impression;88;88;88
27;Minions deal 10% increased Damage while you are affected by a Herald;Heraldry;Invigorating Portents;200
27;Minions deal 10% increased Damage while you are affected by a Herald;Heraldry;Pure Agony;800
27;Minions deal 10% increased Damage while you are affected by a Herald;Heraldry;Disciples;210
27;Minions deal 10% increased Damage while you are affected by a Herald;Endbringer;Cult-Leader;5;5;5;10;10
27;Minions deal 10% increased Damage while you are affected by a Herald;Endbringer;Lasting Impression;200;200;200;200;600
27;Minions deal 10% increased Damage while you are affected by a Herald;Endbringer;Invigorating Portents;10;10;10;20;20
27;Minions deal 10% increased Damage while you are affected by a Herald;Endbringer;Pure Agony;50;50;50;42;180
27;Minions deal 10% increased Damage while you are affected by a Herald;Endbringer;Disciples;31;100;100;100;200
27;Minions deal 10% increased Damage while you are affected by a Herald;Cult-Leader;Lasting Impression;1;1;1;5;5
27;Minions deal 10% increased Damage while you are affected by a Herald;Cult-Leader;Invigorating Portents;5;5;5;10;10
27;Minions deal 10% increased Damage while you are affected by a Herald;Cult-Leader;Pure Agony;64;64;64;64;64
27;Minions deal 10% increased Damage while you are affected by a Herald;Cult-Leader;Disciples;50;50;50;50;50
27;Minions deal 10% increased Damage while you are affected by a Herald;Lasting Impression;Invigorating Portents;10;10;10;40;40
27;Minions deal 10% increased Damage while you are affected by a Herald;Lasting Impression;Pure Agony;60;60;60;2000;3000
27;Minions deal 10% increased Damage while you are affected by a Herald;Lasting Impression;Disciples;30;30;30
27;Minions deal 10% increased Damage while you are affected by a Herald;Invigorating Portents;Pure Agony;30;30;30;50;50
27;Minions deal 10% increased Damage while you are affected by a Herald;Invigorating Portents;Disciples;10;10;10;40;40
27;Minions deal 10% increased Damage while you are affected by a Herald;Pure Agony;Disciples;200;200;84;105;105
28;Exerted Attacks deal 20% increased Damage;Mob Mentality;Cry Wolf;80;80;80;200;200
28;Exerted Attacks deal 20% increased Damage;Mob Mentality;Haunting Shout;1000;2200;4000;12000
28;Exerted Attacks deal 20% increased Damage;Mob Mentality;Lead By Example;100;100;100;600;800
28;Exerted Attacks deal 20% increased Damage;Mob Mentality;Provocateur;200;600;1000;3000
28;Exerted Attacks deal 20% increased Damage;Mob Mentality;Warning Call;1600;2000;2000;2000;2600
28;Exerted Attacks deal 20% increased Damage;Mob Mentality;Rattling Bellow;10;10;10;10;10
28;Exerted Attacks deal 20% increased Damage;Cry Wolf;Haunting Shout;5;5;5;200
28;Exerted Attacks deal 20% increased Damage;Cry Wolf;Lead By Example;15;15;15;100;100
28;Exerted Attacks deal 20% increased Damage;Cry Wolf;Provocateur;24;24;24;25;25
28;Exerted Attacks deal 20% increased Damage;Cry Wolf;Warning Call;100;100;100;600;2000
28;Exerted Attacks deal 20% increased Damage;Cry Wolf;Rattling Bellow;32;32;32;40;40
28;Exerted Attacks deal 20% increased Damage;Haunting Shout;Lead By Example;40;40;40;21;100
28;Exerted Attacks deal 20% increased Damage;Haunting Shout;Provocateur;5;5;5;30;30
28;Exerted Attacks deal 20% increased Damage;Haunting Shout;Warning Call;21;1000;1000;1800;2000
28;Exerted Attacks deal 20% increased Damage;Haunting Shout;Rattling Bellow;7;7;7;20;20
28;Exerted Attacks deal 20% increased Damage;Lead By Example;Provocateur;10;10;10;25;25
28;Exerted Attacks deal 20% increased Damage;Lead By Example;Warning Call;10;10;10;10;10
28;Exerted Attacks deal 20% increased Damage;Lead By Example;Rattling Bellow;1;1;1;10;10
28;Exerted Attacks deal 20% increased Damage;Provocateur;Warning Call;200;200;400;2000;2000
28;Exerted Attacks deal 20% increased Damage;Provocateur;Rattling Bellow;10;10;10;10;10
28;Exerted Attacks deal 20% increased Damage;Warning Call;Rattling Bellow;30;30;30;40;40
29;15% increased Critical Strike Chance;Precise Retaliation;Skullbreaker;20;20;20;90;90
29;15% increased Critical Strike Chance;Precise Retaliation;Pressure Points;110;110;110;120;120
29;15% increased Critical Strike Chance;Precise Retaliation;Overwhelming Malice;200;200;459
29;15% increased Critical Strike Chance;Precise Retaliation;Magnifier;10;10;10;13;13
29;15% increased Critical Strike Chance;Precise Retaliation;Savage Response;200;200;400;600
29;15% increased Critical Strike Chance;Precise Retaliation;Eye of the Storm;1;1;1;1;1
29;15% increased Critical Strike Chance;Precise Retaliation;Basics of Pain;19;19;19;45;45
29;15% increased Critical Strike Chance;Precise Retaliation;Quick Getaway;5;5;5;15;15
29;15% increased Critical Strike Chance;Precise Retaliation;Provocateur;5;5;5;60;60
29;15% increased Critical Strike Chance;Precise Retaliation;Haemorrhage;20;20;20;20;20
29;15% increased Critical Strike Chance;Skullbreaker;Pressure Points;3;3;3;200;200
29;15% increased Critical Strike Chance;Skullbreaker;Overwhelming Malice;200
29;15% increased Critical Strike Chance;Skullbreaker;Magnifier;10;10;10;35;35
29;15% increased Critical Strike Chance;Skullbreaker;Savage Response;75;75;75;200;300
29;15% increased Critical Strike Chance;Skullbreaker;Eye of the Storm;10;30;30;30;800
29;15% increased Critical Strike Chance;Skullbreaker;Basics of Pain;200;200;180;180;180
29;15% increased Critical Strike Chance;Skullbreaker;Quick Getaway;33;33;33;50;50
29;15% increased Critical Strike Chance;Skullbreaker;Provocateur;30;30;30;200;200
29;15% increased Critical Strike Chance;Skullbreaker;Haemorrhage;75;75;75
29;15% increased Critical Strike Chance;Pressure Points;Overwhelming Malice;200;200;300;105;400
29;15% increased Critical Strike Chance;Pressure Points;Magnifier;10;10;10;10;10
29;15% increased Critical Strike Chance;Pressure Points;Savage Response;50;50;50;60;60
29;15% increased Critical Strike Chance;Pressure Points;Eye of the Storm;45;45;45;180;200
29;15% increased Critical Strike Chance;Pressure Points;Basics of Pain;5;5;5;10;10
29;15% increased Critical Strike Chance;Pressure Points;Quick Getaway;10;10;10;10;10
29;15% increased Critical Strike Chance;Pressure Points;Provocateur;30;30;30;40;40
29;15% increased Critical Strike Chance;Pressure Points;Haemorrhage;40;40;40;31;100
29;15% increased Critical Strike Chance;Overwhelming Malice;Magnifier;10;10;10;70;70
29;15% increased Critical Strike Chance;Overwhelming Malice;Savage Response;50;50;50;65;65
29;15% increased Critical Strike Chance;Overwhelming Malice;Eye of the Storm;25;25;25;50;50
29;15% increased Critical Strike Chance;Overwhelming Malice;Basics of Pain;133;133;133;200;600
29;15% increased Critical Strike Chance;Overwhelming Malice;Quick Getaway;13;13;13;70;70
29;15% increased Critical Strike Chance;Overwhelming Malice;Provocateur;200;63
29;15% increased Critical Strike Chance;Overwhelming Malice;Haemorrhage;200;315;1600
29;15% increased Critical Strike Chance;Magnifier;Savage Response;13;13;13;20;20
29;15% increased Critical Strike Chance;Magnifier;Eye of the Storm;20;20;20;50;50
29;15% increased Critical Strike Chance;Magnifier;Basics of Pain;20;20;20;25;25
29;15% increased Critical Strike Chance;Magnifier;Quick Getaway;5;5;5;10;10
29;15% increased Critical Strike Chance;Magnifier;Provocateur;25;25;25;30;30
29;15% increased Critical Strike Chance;Magnifier;Haemorrhage;10;10;10;50;50
29;15% increased Critical Strike Chance;Savage Response;Eye of the Storm;5;5;5;20;20
29;15% increased Critical Strike Chance;Savage Response;Basics of Pain;15;15;15;20;20
29;15% increased Critical Strike Chance;Savage Response;Quick Getaway;20;20;20;50;50
29;15% increased Critical Strike Chance;Savage Response;Provocateur;40;40;40;80;80
29;15% increased Critical Strike Chance;Savage Response;Haemorrhage;200;200;200;200;200
29;15% increased Critical Strike Chance;Eye of the Storm;Basics of Pain;30;30;30;40;40
29;15% increased Critical Strike Chance;Eye of the Storm;Quick Getaway;14;14;14;20;20
29;15% increased Critical Strike Chance;Eye of the Storm;Provocateur;15;15;15;16;16
29;15% increased Critical Strike Chance;Eye of the Storm;Haemorrhage;50;50;50;50;50
29;15% increased Critical Strike Chance;Basics of Pain;Quick Getaway;5;5;5;15;15
29;15% increased Critical Strike Chance;Basics of Pain;Provocateur;20;20;20;29;29
29;15% increased Critical Strike Chance;Basics of Pain;Haemorrhage;50;50;50;60;60
29;15% increased Critical Strike Chance;Quick Getaway;Provocateur;30;30;30;30;30
29;15% increased Critical Strike Chance;Quick Getaway;Haemorrhage;30;30;30;50;50
29;15% increased Critical Strike Chance;Provocateur;Haemorrhage;50;50;50;50;50
30;Minions have 12% increased maximum Life;Renewal;Hulking Corpses;30;30;30;31;31
30;Minions have 12% increased maximum Life;Renewal;Dread March;3;3;3;3;3
30;Minions have 12% increased maximum Life;Renewal;Blessed Rebirth;42;200;300;400;400
30;Minions have 12% increased maximum Life;Renewal;Life from Death;33;33;33;50;50
30;Minions have 12% increased maximum Life;Renewal;Feasting Fiends;3;3;3;15;15
30;Minions have 12% increased maximum Life;Renewal;Bodyguards;10;10;10;40;40
30;Minions have 12% increased maximum Life;Hulking Corpses;Dread March;15;15;15;20;20
30;Minions have 12% increased maximum Life;Hulking Corpses;Blessed Rebirth;20;20;20;50;50
30;Minions have 12% increased maximum Life;Hulking Corpses;Life from Death;200;200;200;600
30;Minions have 12% increased maximum Life;Hulking Corpses;Feasting Fiends;60;60;60;75;75
30;Minions have 12% increased maximum Life;Hulking Corpses;Bodyguards;15;15;15;90;90
30;Minions have 12% increased maximum Life;Dread March;Blessed Rebirth;50;50;50;200;200
30;Minions have 12% increased maximum Life;Dread March;Life from Death;25;25;25;40;40
30;Minions have 12% increased maximum Life;Dread March;Feasting Fiends;5;5;5;5;5
30;Minions have 12% increased maximum Life;Dread March;Bodyguards;10;10;10;15;15
30;Minions have 12% increased maximum Life;Blessed Rebirth;Life from Death;30;30;30;200;126
30;Minions have 12% increased maximum Life;Blessed Rebirth;Feasting Fiends;40;40;40;70;70
30;Minions have 12% increased maximum Life;Blessed Rebirth;Bodyguards;30;30;30;150;150
30;Minions have 12% increased maximum Life;Life from Death;Feasting Fiends;5;5;5;15;15
30;Minions have 12% increased maximum Life;Life from Death;Bodyguards;20;20;20;30;30
30;Minions have 12% increased maximum Life;Feasting Fiends;Bodyguards;10;10;10;10;10
31;10% increased Area Damage;Magnifier;Assert Dominance;50;50;50;21;21
31;10% increased Area Damage;Magnifier;Vast Power;3;3;3;5;5
31;10% increased Area Damage;Magnifier;Powerful Assault;5;5;5;15;15
31;10% increased Area Damage;Magnifier;Titanic Swings;5;5;5;10;10
31;10% increased Area Damage;Magnifier;Towering Threat;4;4;4;20;20
31;10% increased Area Damage;Magnifier;Expansive Might;10;10;10;10;10
31;10% increased Area Damage;Assert Dominance;Vast Power;300;400;800;800;800
31;10% increased Area Damage;Assert Dominance;Powerful Assault;30;30;30;45;45
31;10% increased Area Damage;Assert Dominance;Titanic Swings;10;10;10;50;50
31;10% increased Area Damage;Assert Dominance;Towering Threat;400;168;1200;1500;1500
31;10% increased Area Damage;Assert Dominance;Expansive Might;200;200;200;400;400
31;10% increased Area Damage;Vast Power;Powerful Assault;9;9;9;10;10
31;10% increased Area Damage;Vast Power;Titanic Swings;1;1;1;10;10
31;10% increased Area Damage;Vast Power;Towering Threat;5;5;5;5;5
31;10% increased Area Damage;Vast Power;Expansive Might;30;30;30;35;35
31;10% increased Area Damage;Powerful Assault;Titanic Swings;15;15;15;15;15
31;10% increased Area Damage;Powerful Assault;Towering Threat;25;25;25;40;40
31;10% increased Area Damage;Powerful Assault;Expansive Might;15;15;15;40;40
31;10% increased Area Damage;Titanic Swings;Towering Threat;31;100;100;100;180
31;10% increased Area Damage;Titanic Swings;Expansive Might;8;8;8;15;15
31;10% increased Area Damage;Towering Threat;Expansive Might;20;20;20;32;32
32;10% increased Projectile Damage;Follow-Through;Streamlined;21;21;21;30;30
32;10% increased Projectile Damage;Follow-Through;Shrieking Bolts;5;5;5;15;15
32;10% increased Projectile Damage;Follow-Through;Eye to Eye;20;20;20;20;20
32;10% increased Projectile Damage;Follow-Through;Repeater;5;5;5;15;15
32;10% increased Projectile Damage;Follow-Through;Aerodynamics;30;30;30;1200
32;10% increased Projectile Damage;Streamlined;Shrieking Bolts;19;19;19;20;20
32;10% increased Projectile Damage;Streamlined;Eye to Eye;10;10;10;10;10
32;10% increased Projectile Damage;Streamlined;Repeater;5;5;5;5;5
32;10% increased Projectile Damage;Streamlined;Aerodynamics;5;5;5;21;200
32;10% increased Projectile Damage;Shrieking Bolts;Eye to Eye;10;10;10;25;25
32;10% increased Projectile Damage;Shrieking Bolts;Repeater;5;5;5;30;30
32;10% increased Projectile Damage;Shrieking Bolts;Aerodynamics;20;20;20;49;49
32;10% increased Projectile Damage;Eye to Eye;Repeater;1;1;1;1;1
32;10% increased Projectile Damage;Eye to Eye;Aerodynamics;60;60;60;200;200
32;10% increased Projectile Damage;Repeater;Aerodynamics;5;5;5;30;30
33;12% increased Trap Damage12% increased Mine Damage;Set and Forget;Expert Sabotage;15;15;15;20;20
33;12% increased Trap Damage12% increased Mine Damage;Set and Forget;Guerilla Tactics;50;50;50;21;31
33;12% increased Trap Damage12% increased Mine Damage;Set and Forget;Expendability;20;20;20;25;25
33;12% increased Trap Damage12% increased Mine Damage;Set and Forget;Arcane Pyrotechnics;19;19;19;40;40
33;12% increased Trap Damage12% increased Mine Damage;Set and Forget;Surprise Sabotage;10;10;10;13;13
33;12% increased Trap Damage12% increased Mine Damage;Set and Forget;Careful Handling;20;20;20;50;50
33;12% increased Trap Damage12% increased Mine Damage;Expert Sabotage;Guerilla Tactics;5;5;5;20;20
33;12% increased Trap Damage12% increased Mine Damage;Expert Sabotage;Expendability;5;5;5;10;10
33;12% increased Trap Damage12% increased Mine Damage;Expert Sabotage;Arcane Pyrotechnics;20;20;20;29;29
33;12% increased Trap Damage12% increased Mine Damage;Expert Sabotage;Surprise Sabotage;1;1;1;32;32
33;12% increased Trap Damage12% increased Mine Damage;Expert Sabotage;Careful Handling;15;15;15;65;65
33;12% increased Trap Damage12% increased Mine Damage;Guerilla Tactics;Expendability;5;5;5;30;30
33;12% increased Trap Damage12% increased Mine Damage;Guerilla Tactics;Arcane Pyrotechnics;70;70;70;80;80
33;12% increased Trap Damage12% increased Mine Damage;Guerilla Tactics;Surprise Sabotage;2;2;2;7;7
33;12% increased Trap Damage12% increased Mine Damage;Guerilla Tactics;Careful Handling;10;10;10;40;40
33;12% increased Trap Damage12% increased Mine Damage;Expendability;Arcane Pyrotechnics;1800
33;12% increased Trap Damage12% increased Mine Damage;Expendability;Surprise Sabotage;45;45;45;80;80
33;12% increased Trap Damage12% increased Mine Damage;Expendability;Careful Handling;3;3;3;50;50
33;12% increased Trap Damage12% increased Mine Damage;Arcane Pyrotechnics;Surprise Sabotage;10;10;10;200;400
33;12% increased Trap Damage12% increased Mine Damage;Arcane Pyrotechnics;Careful Handling;100;100;100;120;120
33;12% increased Trap Damage12% increased Mine Damage;Surprise Sabotage;Careful Handling;33;33;33;50;50
34;12% increased Totem Damage;Ancestral Echo;Ancestral Reach;10;10;10;10;10
34;12% increased Totem Damage;Ancestral Echo;Ancestral Might;20;20;20;50;50
34;12% increased Totem Damage;Ancestral Echo;Ancestral Preservation;10;10;10;30;30
34;12% increased Totem Damage;Ancestral Echo;Snaring Spirits;15;15;15;29;29
34;12% increased Totem Damage;Ancestral Echo;Sleepless Sentries;5;5;5;100;100
34;12% increased Totem Damage;Ancestral Echo;Ancestral Guidance;30;30;30;30;30
34;12% increased Totem Damage;Ancestral Echo;Ancestral Inspiration;50;50;50;80;80
34;12% increased Totem Damage;Ancestral Reach;Ancestral Might;5;5;5;10;10
34;12% increased Totem Damage;Ancestral Reach;Ancestral Preservation;30;30;30;33;33
34;12% increased Totem Damage;Ancestral Reach;Snaring Spirits;15;15;15;20;20
34;12% increased Totem Damage;Ancestral Reach;Sleepless Sentries;200;200;400;400;400
34;12% increased Totem Damage;Ancestral Reach;Ancestral Guidance;15;15;15;20;20
34;12% increased Totem Damage;Ancestral Reach;Ancestral Inspiration;70;70;70;70;70
34;12% increased Totem Damage;Ancestral Might;Ancestral Preservation;7;7;7;20;20
34;12% increased Totem Damage;Ancestral Might;Snaring Spirits;59;59;59;200;400
34;12% increased Totem Damage;Ancestral Might;Sleepless Sentries;30;30;30;110;110
34;12% increased Totem Damage;Ancestral Might;Ancestral Guidance;1;1;1;40;40
34;12% increased Totem Damage;Ancestral Might;Ancestral Inspiration;5;5;5;20;20
34;12% increased Totem Damage;Ancestral Preservation;Snaring Spirits;50;50;50;200;300
34;12% increased Totem Damage;Ancestral Preservation;Sleepless Sentries;600;3000
34;12% increased Totem Damage;Ancestral Preservation;Ancestral Guidance;5;5;5;15;15
34;12% increased Totem Damage;Ancestral Preservation;Ancestral Inspiration;80;42;200;200;200
34;12% increased Totem Damage;Snaring Spirits;Sleepless Sentries;1000;2000;2000;2000;2000
34;12% increased Totem Damage;Snaring Spirits;Ancestral Guidance;30;30;30;50;50
34;12% increased Totem Damage;Snaring Spirits;Ancestral Inspiration;70;70;70;200;200
34;12% increased Totem Damage;Sleepless Sentries;Ancestral Guidance;200;200;200;200;400
34;12% increased Totem Damage;Sleepless Sentries;Ancestral Inspiration;600;600;1000;1400;3000
34;12% increased Totem Damage;Ancestral Guidance;Ancestral Inspiration;200
35;12% increased Brand Damage;Chip Away;Seeker Runes;50;50;50;60;60
35;12% increased Brand Damage;Chip Away;Remarkable;200;200;400;400;1200
35;12% increased Brand Damage;Chip Away;Brand Loyalty;20;20;20;20;20
35;12% increased Brand Damage;Chip Away;Holy Conquest;10;10;10;10;10
35;12% increased Brand Damage;Chip Away;Grand Design;40;40;40;50;50
35;12% increased Brand Damage;Seeker Runes;Remarkable;85;85;85;200
35;12% increased Brand Damage;Seeker Runes;Brand Loyalty;20;20;20;20;20
35;12% increased Brand Damage;Seeker Runes;Holy Conquest;10;10;10;20;20
35;12% increased Brand Damage;Seeker Runes;Grand Design;10;10;10;35;35
35;12% increased Brand Damage;Remarkable;Brand Loyalty;10;10;10;15;15
35;12% increased Brand Damage;Remarkable;Holy Conquest;10;10;10;21;21
35;12% increased Brand Damage;Remarkable;Grand Design;400;400;800;1200
35;12% increased Brand Damage;Brand Loyalty;Holy Conquest;13;13;13;20;20
35;12% increased Brand Damage;Brand Loyalty;Grand Design;20;20;20;99;99
35;12% increased Brand Damage;Holy Conquest;Grand Design;40;40;40;50;50
36;Channelling Skills deal 12% increased Damage;Vital Focus;Rapid Infusion;31;31;31;200;200
36;Channelling Skills deal 12% increased Damage;Vital Focus;Unwavering Focus;10;10;10;25;25
36;Channelling Skills deal 12% increased Damage;Vital Focus;Enduring Focus;200;800
36;Channelling Skills deal 12% increased Damage;Vital Focus;Precise Focus;10;10;10;43;43
36;Channelling Skills deal 12% increased Damage;Vital Focus;Stoic Focus;4 OTHER_CURRENCY: scour;5;5;5;5
36;Channelling Skills deal 12% increased Damage;Vital Focus;Hex Breaker;21;100;100;100;105
36;Channelling Skills deal 12% increased Damage;Rapid Infusion;Unwavering Focus;80;80;80;200;63
36;Channelling Skills deal 12% increased Damage;Rapid Infusion;Enduring Focus;1000;630
36;Channelling Skills deal 12% increased Damage;Rapid Infusion;Precise Focus;200;200;200;63;105
36;Channelling Skills deal 12% increased Damage;Rapid Infusion;Stoic Focus;120;120;120;52;200
36;Channelling Skills deal 12% increased Damage;Rapid Infusion;Hex Breaker;40;40;40;100;100
36;Channelling Skills deal 12% increased Damage;Unwavering Focus;Enduring Focus;1000
36;Channelling Skills deal 12% increased Damage;Unwavering Focus;Precise Focus;10;10;10;30;30
36;Channelling Skills deal 12% increased Damage;Unwavering Focus;Stoic Focus;9;9;9;10;10
36;Channelling Skills deal 12% increased Damage;Unwavering Focus;Hex Breaker;30;30;30;100;100
36;Channelling Skills deal 12% increased Damage;Enduring Focus;Precise Focus;200;1400;2000
36;Channelling Skills deal 12% increased Damage;Enduring Focus;Stoic Focus;200;600;1400
36;Channelling Skills deal 12% increased Damage;Precise Focus;Stoic Focus;20;20;20;25;25
36;Channelling Skills deal 12% increased Damage;Precise Focus;Hex Breaker;20;20;20;42;600
36;Channelling Skills deal 12% increased Damage;Stoic Focus;Hex Breaker;10;10;10;10;10
37;6% increased Flask Effect Duration;Distilled Perfection;Spiked Concoction;10;10;10;10;10
37;6% increased Flask Effect Duration;Distilled Perfection;Fasting;20;20;20;20;20
37;6% increased Flask Effect Duration;Distilled Perfection;Mender's Wellspring;10;10;10;10;10
37;6% increased Flask Effect Duration;Distilled Perfection;Special Reserve;10;10;10;10;10
37;6% increased Flask Effect Duration;Distilled Perfection;Numbing Elixir;10;10;10;30;30
37;6% increased Flask Effect Duration;Distilled Perfection;Brewed for Potency;15;15;15;20;20
37;6% increased Flask Effect Duration;Distilled Perfection;Peak Vigour;20;20;20;20;20
37;6% increased Flask Effect Duration;Distilled Perfection;Liquid Inspiration;30;30;30;21;200
37;6% increased Flask Effect Duration;Spiked Concoction;Fasting;80;80;80;85;85
37;6% increased Flask Effect Duration;Spiked Concoction;Mender's Wellspring;15;15;15;20;20
37;6% increased Flask Effect Duration;Spiked Concoction;Special Reserve;10;10;10;15;15
37;6% increased Flask Effect Duration;Spiked Concoction;Numbing Elixir;40;40;40;50;50
37;6% increased Flask Effect Duration;Spiked Concoction;Brewed for Potency;10;10;10;30;30
37;6% increased Flask Effect Duration;Spiked Concoction;Peak Vigour;200;200;84;400;600
37;6% increased Flask Effect Duration;Spiked Concoction;Liquid Inspiration;30;30;30;84;600
37;6% increased Flask Effect Duration;Fasting;Mender's Wellspring;100;100;100;44;200
37;6% increased Flask Effect Duration;Fasting;Special Reserve;2;2;2;10;10
37;6% increased Flask Effect Duration;Fasting;Numbing Elixir;9;9;9;30;30
37;6% increased Flask Effect Duration;Fasting;Brewed for Potency;21;100;100;100;200
37;6% increased Flask Effect Duration;Fasting;Peak Vigour;25;25;25;30;30
37;6% increased Flask Effect Duration;Fasting;Liquid Inspiration;200;200;210
37;6% increased Flask Effect Duration;Mender's Wellspring;Special Reserve;10;10;10;10;10
37;6% increased Flask Effect Duration;Mender's Wellspring;Numbing Elixir;400;800
37;6% increased Flask Effect Duration;Mender's Wellspring;Brewed for Potency;15;15;15;49;49
37;6% increased Flask Effect Duration;Mender's Wellspring;Peak Vigour;15;15;15;200;2000
37;6% increased Flask Effect Duration;Special Reserve;Numbing Elixir;4;4;4;10;10
37;6% increased Flask Effect Duration;Special Reserve;Brewed for Potency;20;20;20;30;30
37;6% increased Flask Effect Duration;Special Reserve;Peak Vigour;15;15;15;20;20
37;6% increased Flask Effect Duration;Special Reserve;Liquid Inspiration;200;200;800;2000;2000
37;6% increased Flask Effect Duration;Numbing Elixir;Brewed for Potency;60;60;60
37;6% increased Flask Effect Duration;Numbing Elixir;Peak Vigour;50;50;50
37;6% increased Flask Effect Duration;Brewed for Potency;Peak Vigour;10;10;10;15;15
37;6% increased Flask Effect Duration;Brewed for Potency;Liquid Inspiration;160;180;180;500;600
37;6% increased Flask Effect Duration;Peak Vigour;Liquid Inspiration;600
38;10% increased Life Recovery from Flasks10% increased Mana Recovery from Flasks;Distilled Perfection;Spiked Concoction;10;10;10;10;10
38;10% increased Life Recovery from Flasks10% increased Mana Recovery from Flasks;Distilled Perfection;Fasting;20;20;20;20;20
38;10% increased Life Recovery from Flasks10% increased Mana Recovery from Flasks;Distilled Perfection;Mender's Wellspring;10;10;10;10;10
38;10% increased Life Recovery from Flasks10% increased Mana Recovery from Flasks;Distilled Perfection;Special Reserve;10;10;10;10;10
38;10% increased Life Recovery from Flasks10% increased Mana Recovery from Flasks;Distilled Perfection;Numbing Elixir;10;10;10;30;30
38;10% increased Life Recovery from Flasks10% increased Mana Recovery from Flasks;Spiked Concoction;Fasting;80;80;80;85;85
38;10% increased Life Recovery from Flasks10% increased Mana Recovery from Flasks;Spiked Concoction;Mender's Wellspring;15;15;15;20;20
38;10% increased Life Recovery from Flasks10% increased Mana Recovery from Flasks;Spiked Concoction;Special Reserve;10;10;10;15;15
38;10% increased Life Recovery from Flasks10% increased Mana Recovery from Flasks;Spiked Concoction;Numbing Elixir;40;40;40;50;50
38;10% increased Life Recovery from Flasks10% increased Mana Recovery from Flasks;Fasting;Mender's Wellspring;100;100;100;44;200
38;10% increased Life Recovery from Flasks10% increased Mana Recovery from Flasks;Fasting;Special Reserve;2;2;2;10;10
38;10% increased Life Recovery from Flasks10% increased Mana Recovery from Flasks;Fasting;Numbing Elixir;9;9;9;30;30
38;10% increased Life Recovery from Flasks10% increased Mana Recovery from Flasks;Mender's Wellspring;Special Reserve;10;10;10;10;10
38;10% increased Life Recovery from Flasks10% increased Mana Recovery from Flasks;Mender's Wellspring;Numbing Elixir;400;800
38;10% increased Life Recovery from Flasks10% increased Mana Recovery from Flasks;Special Reserve;Numbing Elixir;4;4;4;10;10
